-- 				-*====================== INSERT DATE FOR DATABASE VTI ACADEMY SYSTEM V2====================*-
-- 				-*======================================================================================*-

USE SM;

-- password: 123456
INSERT INTO `User`
(	`username`,							`password`,												`first_name`,		`last_name`,		`gender`,		`created_date`,			modified_date, 					`role`,		editor_id,	creator_id)
VALUES               
('thiettv98',				'$2a$10$W2neF9.6Agi6kAKVq8q3fec5dHW8KUA.b0VSIGdIZyUravfLpyIFi',		'Trần Văn',			'Thiết',			'male', 			NOW(),				'2021-08-17 18:09:50',			'Admin',	1,			1),
('lethiphong.lan0101', 		'$2a$10$W2neF9.6Agi6kAKVq8q3fec5dHW8KUA.b0VSIGdIZyUravfLpyIFi',		'Nguyễn', 			'Hưởng', 			'male', 		'2021-07-17 18:09:50', 	'2021-08-17 18:09:50',			'Admin',	1,			1),
('nguyentung.lam0101', 		'$2a$10$W2neF9.6Agi6kAKVq8q3fec5dHW8KUA.b0VSIGdIZyUravfLpyIFi',		'Nguyễn Xuân', 		'Tùng', 			'male', 		'2021-07-17 18:10:43',	'2021-08-17 18:09:50',			'Admin',	1,			1),
('leman.phu0101', 			'$2a$10$W2neF9.6Agi6kAKVq8q3fec5dHW8KUA.b0VSIGdIZyUravfLpyIFi',		'Nguyễn', 			'Linh', 			'female', 		'2021-07-17 18:11:23', 	'2021-08-17 18:09:50',			'Admin',	1,			1),
('tranduc.luan0101', 		'$2a$10$W2neF9.6Agi6kAKVq8q3fec5dHW8KUA.b0VSIGdIZyUravfLpyIFi',		'Văn', 				'Linh', 			'female', 		'2021-07-17 18:11:56',	'2021-08-17 18:09:50',			'Admin',	1,			1),
('nguyenphuong.ngoc0101', 	'$2a$10$W2neF9.6Agi6kAKVq8q3fec5dHW8KUA.b0VSIGdIZyUravfLpyIFi',		'Nguyễn Ngọc', 		'Duy', 				'female', 		'2021-07-17 18:12:32', 	'2021-08-17 18:09:50',			'Admin',	1,			1),
('nguyenngoc.hoa0101', 		'$2a$10$W2neF9.6Agi6kAKVq8q3fec5dHW8KUA.b0VSIGdIZyUravfLpyIFi',		'Nguyễn Ngọc', 		'Hòa', 				'female', 		'2021-07-17 18:13:08', 	'2021-08-17 18:09:50',			'Student',	1,			3),
('dotuan.anh0101', 			'$2a$10$W2neF9.6Agi6kAKVq8q3fec5dHW8KUA.b0VSIGdIZyUravfLpyIFi',		'Đỗ Tuấn', 			'Anh', 				'male', 		'2021-07-17 18:13:38', 	'2021-08-17 18:09:50',			'Student',	1,			1),
('nguyenquoc.hung0101', 	'$2a$10$W2neF9.6Agi6kAKVq8q3fec5dHW8KUA.b0VSIGdIZyUravfLpyIFi',		'Nguyễn Quốc', 		'Hùng', 			'male', 		'2021-07-17 18:14:08',	'2021-08-17 18:09:50',			'Student',	2,			1),
('tranduc.giang0101', 		'$2a$10$W2neF9.6Agi6kAKVq8q3fec5dHW8KUA.b0VSIGdIZyUravfLpyIFi',		'Trần Đức', 		'Giang', 			'male', 		'2021-07-17 18:14:38',	'2021-08-17 18:09:50',			'Student',	2,			1),
('nguyenhuuhoang.anh0101',	'$2a$10$W2neF9.6Agi6kAKVq8q3fec5dHW8KUA.b0VSIGdIZyUravfLpyIFi',		'Nguyễn Hữu Hoàng', 'Anh', 				'male', 		'2021-07-17 18:15:15', 	'2021-08-17 18:09:50',			'Student',	4,			1),
('nguyenphuong.cuong0101',	'$2a$10$W2neF9.6Agi6kAKVq8q3fec5dHW8KUA.b0VSIGdIZyUravfLpyIFi',		'Nguyễn Phương', 	'Cường', 			'male', 		'2021-07-17 18:16:37', 	'2021-08-17 18:09:50',			'Student',	2,			1),
('nguyenvan.dung0101', 		'$2a$10$XWqic4/tsMKds.ZNGVZMhu1ilPOFS6S1Cl3uc4rB6zmfUlv.F8zhW',		'Nguyễn Văn', 		'Dũng', 			'male', 		'2021-07-17 18:17:06',	'2021-08-17 18:09:50',			'Student',	4,			2),
('luuduc.anh0101', 			'$2a$10$P94coIiFKTSQAdWw1IjRk.c4NPyLcgDPxXnZtw0wkcvLcg1U/WoG2',		'Lưu Đức', 			'Anh', 				'male', 		'2021-07-17 18:17:34', 	'2021-08-17 18:09:50',			'Student',	3,			2),
('buidinh.dat0101', 		'$2a$10$mNRMKCSFvI4kw/UeXk7a1upYE40xfJvRNJfp5IUcKD9xQMVsv/X0K',		'Bùi Đình', 		'Đạt', 				'male', 		'2021-07-17 18:18:05',	'2021-08-17 18:09:50',			'Student',	5,			2),
('hoangthi.vui0101', 		'$2a$10$D.SPMtdf0U/tSZE0MPpzq.UNu2o03GUJrcvcP4zS94mhhTzJA2KqO',		'Hoàng Thị', 		'Vui', 				'male', 		'2021-07-17 18:18:37', 	'2021-08-17 18:09:50',			'Student',	2,			1),
('maithi.loan0101', 		'$2a$10$xKWz2L3nSN0EwAMT0iUn4uOYFcBHXiaLKAwZhQlpm0RqbA0WHxqxm',		'Mai Thi', 			'Loan',				'female', 		'2021-07-17 18:19:06', 	'2021-08-17 18:09:50',			'Student',	4,			5),
('lyminh.quan0101', 		'$2a$10$Fkb2N03SN/jaYiZokR5Qw.uS3JvF15m3Rkb2n3q2YcSZP.2r/YTd2',		'Lý Minh', 			'Quân', 			'male',			'2021-07-17 18:19:38', 	'2021-08-17 18:09:50',			'Student',	3,			2),
('nguyenmanh.hiep0101', 	'$2a$10$9HH/ZS.VZhZI.NyJVmnteeIGfztC5fDO/LtSp3NSVbhjHW/I4T39y',		'Nguyễn Mạnh', 		'Hiệp', 			'male',			'2021-07-17 18:20:08', 	'2021-08-17 18:09:50',			'Student',	3,			3),
('leduc.anh0101', 			'$2a$10$k9dqKXCNm9.FBnk.nrgF6us1esyJGSA8.IkOZ0mGryIiYjE02JNuy',		'Lê Đức', 			'Anh', 				'male',			'2021-07-17 18:20:39', 	'2021-08-17 18:09:50',			'Student',	4,			4),
('nguyenthe.phuc0101', 		'$2a$10$vuYoKa8CFrhF1XrcoRaRkuUpIZOSZhmunaZ4IddKE3cEBSoJW4JBa',		'Nguyễn Thế', 		'Phúc', 			'male',			'2021-07-17 18:21:15', 	'2021-08-17 18:09:50',			'Student',	1,			4),
('caohung.son3011', 		'$2a$10$rpCiBmRSsapkHbanqgDgIe/sONt4CfltiUwFDOiGwa7EdMmlAkDNK',		'Cao Hùng ', 		'Sơn', 				'male',			'2021-07-17 18:22:11', 	'2021-08-17 18:09:50',			'Student',	5,			4),
('vuthanh.trung0101', 		'$2a$10$xr3dF/96n4IkoM2qaXGvVOUdFAkKYbmEkZFY8fnb7uXNE1B6O6Hg6',		'Vũ Thành', 		'Trung', 			'male',			'2021-07-17 18:22:35', 	'2021-08-17 18:09:50',			'Student',	1,			3),
('lehai.ha0101', 			'$2a$10$I70oUMkyst2j6Kx11urdQuipZj0m5RxeHAkmRLLwhWS/aiw5NWWG6',		'Lê Hải', 			'Hà', 				'female',		'2021-07-17 18:23:26', 	'2021-08-17 18:09:50',			'Student',	1,			3),
('nguyenduc.anh0101', 		'$2a$10$fuORCeM0r0.k.UUlPWh54.8kzpkuk1krKavemTRMmJbpabytRTM8W',		'Nguyễn Đức', 		'Anh', 				'male',			'2021-07-17 18:24:11', 	'2021-08-17 18:09:50',			'Student',	1,			1),
('tranvan.chuc0101', 		'$2a$10$KG/siNzb8qj/K317OHbvteEAJOMEoFw4eUsASS1twXEDzWzsw7Xpm',		'Trần Văn', 		'Chức', 			'male',			'2021-07-17 18:26:15', 	'2021-08-17 18:09:50',			'Student',	1,			1),
('tongduc.thanh0101', 		'$2a$10$40i3krGsuwgRx7mUrn8L3O9a9KLjcEg2MiUL1eovmRUhCcRlSLBQy',		'Tống Đức', 		'Thành', 			'male',			'2021-07-17 18:26:57', 	'2021-08-17 18:09:50',			'Student',	1,			1),
('nguyenvan.binh0101', 		'$2a$10$/l6kMkV9ZJu/RCgNKyk0x.vtfbeVNlH0k9E37WKry7OePobwYeL6e',		'Nguyễn Văn', 		'Bính', 			'male',			'2021-07-17 18:27:44', 	'2021-08-17 18:09:50',			'Student',	1,			1),
('luongdoan.thuy0101', 		'$2a$10$zLJNR1T8OqcpUmm0MWw51.66.1LA32QXMTlEF6NA.f/2ZYIU0q6CK',		'Lương Doãn', 		'Thủy', 			'female', 		'2021-07-17 18:28:25', 	'2021-08-17 18:09:50',			'Student',	1,			1),
('tranvan.hoang0101', 		'$2a$10$i2AyadjKRrhoi5LjMB1xVevA.jGCVhuoivWOnpbWLKBNcyNQ/E2ba',		'Trần Văn', 		'Hoàng', 			'male', 		'2021-07-17 18:29:06', 	'2021-08-17 18:09:50',			'Student',	1,			1),
('tongminh.nhat0101', 		'$2a$10$ebTNnGkDerErbtTEoMpPc.rKKLvIJ0h.Aiv1HS2/rTWhmBZ0Cj1HK',		'Tòng Minh', 		'Nhật', 			'male', 		'2021-07-17 18:29:44', 	'2021-08-17 18:09:50',			'Student',	1,			1),
('levan.loc0101', 			'$2a$10$QeMFWLFotoEI5HvsPybNduOZ0Xlv76bTf3eZ5GYOEp/2W9jBq.2sS',		'Lê Văn', 			'Lộc', 				'male', 		'2021-07-17 18:30:21', 	'2021-08-17 18:09:50',			'Student',	1,			1),
('duongtrung.kien0101', 	'$2a$10$yjGZkCcy.Jnc4j8O3yYQXOZPm34cF.pKx/E/VUWVgawq0mP.U1pny',		'Dương Trung', 		'Kiên', 			'male', 		'2021-07-17 18:31:16', 	'2021-08-17 18:09:50',			'Student',	1,			1),
('nguyenbao.long0101', 		'$2a$10$yo2zjap81Rxtmt1Sjesp5Oeizuk5BgGeuh6OtnyG6qPsP1RQfS4oa',		'Nguyễn Bảo', 		'Long', 			'male', 		'2021-07-17 18:31:57', 	'2021-08-17 18:09:50',			'Student',	1,			1),
('nguyenthanh.ha0101', 		'$2a$10$HzinD7RQrNAVH5xF6jjRx.J1PARSb5xR8hhETQozIq8nRjyZpPZqm',		'Nguyễn Thanh', 	'Hà', 				'female', 		'2021-07-17 18:32:41', 	'2021-08-17 18:09:50',			'Student',	1,			1),
('nguyenthanh.trung0101', 	'$2a$10$4QxFp7ho43PT3opm1XWkv.JXWPIKcP6w8cvw1RUcQF1p0aiNxn.2m',		'Nguyễn Thành', 	'Trung', 			'male',			'2021-07-17 18:33:19', 	'2021-08-17 18:09:50',			'Student',	1,			1),
('nguyentung.duong0101', 	'$2a$10$2Hpyl/Wr5.8rmbgSg3wlyunHGSNAK.mSjOtNB8zEY0I/Q2bL59yke',		'Nguyễn Tùng', 		'Dương', 			'male',			'2021-07-17 18:34:01', 	'2021-08-17 18:09:50',			'Mentor',	1,			1),
('nguyenthai.hung0101', 	'$2a$10$BkDfZRm2YeiIBCOIy/i2yeL37LZ3yFCpxLowqKK9elXS9w7ug.n3m',		'Nguyễn Thái', 		'Hưng', 			'male',			'2021-07-17 18:34:47', 	'2021-08-17 18:09:50',			'Mentor',	1,			1),
('ngoduy.hieu0101', 		'$2a$10$7HJ9qAh9oexQrI5FoT6RceRB907wt9UirCKw/WfEKsCxJSRSuWEA.',		'Ngô Duy', 			'Hiếu', 			'male',			'2021-07-17 18:35:26', 	'2021-08-17 18:09:50',			'Mentor',	1,			2),
('nguyentuan.minh0101', 	'$2a$10$6/NjCIZvR2SXu9bQIMvXEOkqiZnMqHReKxBQn3DdV2hoLKAH9LVDu',		'Nguyễn Tuấn', 		'Minh', 			'male',			'2021-07-17 18:36:09', 	'2021-08-17 18:09:50',			'Mentor',	1,			3),
('phamcong.bao0101', 		'$2a$10$nKxD1IH..qjq7xY3asVcfOUSojA2/kGpdmljBpiudO/nC2SFJI56y',		'Phạm Công', 		'Bảo', 				'male',			'2021-07-17 18:36:44', 	'2021-08-17 18:09:50',			'Mentor',	1,			4),
('nguyenngoc.duy2012', 		'$2a$10$RnHYhWp3BTcSFatVG1D0nOT6Vfn.9/4alObw6nTl9zZXEaiuf6QC.',		'Nguyễn Ngọc', 		'Duy', 				'male',			'2021-07-17 18:40:39', 	'2021-08-17 18:09:50',			'Mentor',	1,			1),
('nguyenquang.dao2504', 	'$2a$10$Dgjfs.fOw5IL7/5X3dr9x.nkY4TlTahKGQpvmW/tYQTmyaLBCxLVW',		'Nguyễn Quang', 	'Đạo', 				'male',			'2021-07-17 18:44:18', 	'2021-08-17 18:09:50',			'Mentor',	1,			1),
('daotuan.anh0101', 		'$2a$10$dIu6oIoP8QX.LdopeYLp7Oq707N3S8WjQLpNck.gbMBB3u4QIx5XK',		'Đào Tuấn', 		'Anh', 				'male',			'2021-07-17 18:47:34', 	'2021-08-17 18:09:50',			'Mentor',	1,			1);

INSERT INTO `Course` 	(`class_code`, 		`student_code`, 			`name`		,			standard_tuition,	`hour`,	 		created_date,			modified_date,			creator_id,		editor_id,			note	)

VALUES					('Rocket', 			'VA', 						'Java Web for IT', 		'16000000', 		'3',			'2021-07-09 16:10:23', '2021-07-09 16:10:23',	'1',			'2',				null),
						('REACTJS', 		'VA', 						'ReactJS', 				'4500000', 			'3',			'2021-07-09 16:11:23', '2021-07-09 16:11:23',	'1',			'2',				null);

INSERT INTO `Course_Payment` 	(`type`, 		`payable_tuition`, 			`course_id`	)
VALUES							('1', 			'15000000', 				'1'),
								('2', 			'16000000', 				'1'),
								('4', 			'16800000', 				'1'),
								('0', 			'0', 						'1'),
								('1', 			'4500000', 					'2'),
								('0', 			'0', 						'2');			

INSERT INTO `Subject`	(	`name`				,		`code`				, 	`version`,		`creator_id`,	editor_id,		created_date,			modified_date,	note		)  			
VALUES                    
						(	'SQL', 						'SQL-IT', 				'IT',			1,				2, 				'2021-07-06 15:26:34',	NULL,			NULL),
						(	'JAVA',						'JAVA-IT',				'IT',			2,				1,				'2021-07-07 00:26:34',	NULL, 			NULL), 
						(	'HTML-CSS-JS', 				'HTML-CSS-JS-IT', 		'IT',			1,				2, 				'2021-07-07 17:32:50',	NULL,			NULL),
						(	'JAVA_ADVANCE', 			'JAVA_ADVANCE-IT', 		'IT',			1,				1, 				'2021-07-08 22:59:14',	NULL,			NULL),
						(	'REACTJS', 					'REACTJS-IT', 			'IT',			2,				1, 				'2021-07-09 00:09:28',	NULL,			NULL);

INSERT INTO `Course_Subject`	(course_id,		`subject_id`, 		ordinal)  			
VALUES 							('1', 			'1', 					'1'),
								('1', 			'2', 					'2'),
								('1', 			'3', 					'3'),
								('1', 			'4', 					'4'),
                                ('1', 			'5', 					'5'),
								('2', 			'3', 					'1'),
								('2', 			'5', 					'2');

INSERT INTO Lesson 	(`name`, 		`type`, 		`subject_id`,	`ordinal`, created_date,     	modified_date,			creator_id,		editor_id	)
VALUES				('Lesson 1', 	'Required', 		'1'		,1	,'2021-07-06 15:26:34', '2021-07-06 15:26:34',	1,				3			),
					('Lesson 2', 	'Required', 		'1'		,2	,'2021-07-06 15:26:34', '2021-07-06 15:26:34',	1,				3			),
					('Lesson 3', 	'Required', 		'1'		,3	,'2021-07-06 15:26:34', '2021-07-06 15:26:34',	1,				3			),
					('Lesson 4', 	'Required', 		'1'		,4	,'2021-07-06 15:26:34', '2021-07-06 15:26:34',	1,				3			),
					('Lesson 5', 	'Required', 		'1'		,5	,'2021-07-06 15:26:34', '2021-07-06 15:26:34',	1,				3			),
					('Lesson 6', 	'Required', 		'1'		,6	,'2021-07-06 15:26:34', '2021-07-06 15:26:34',	1,				3			),
					('Lesson 7', 	'Required', 		'1'		,7	,'2021-07-06 15:26:34', '2021-07-06 15:26:34',	1,				3			),
					('Lesson 8', 	'Required', 		'1'		,8	,'2021-07-06 15:26:34', '2021-07-06 15:26:34',	1,				3			),
					('Lesson 1', 	'Required', 		'2'		,9	,'2021-07-06 15:26:34', '2021-07-06 15:26:34',	1,				3			),
					('Lesson 2', 	'Required', 		'2'		,10	,'2021-07-06 15:26:34', '2021-07-06 15:26:34',	1,				3			),
					('Lesson 3', 	'Required', 		'2'		,11	,'2021-07-06 15:26:34', '2021-07-06 15:26:34',	1,				3			),
					('Lesson 4', 	'Required', 		'2'		,12	,'2021-07-06 15:26:34', '2021-07-06 15:26:34',	1,				3			),
					('Lesson 5', 	'Required', 		'2'		,1	,'2021-07-06 15:26:34', '2021-07-06 15:26:34',	1,				3			),
					('Lesson 6', 	'Required', 		'2'		,2	,'2021-07-06 15:26:34', '2021-07-06 15:26:34',	1,				3			),
					('Lesson 7', 	'Required', 		'2'		,3	,'2021-07-06 15:26:34', '2021-07-06 15:26:34',	1,				3			),
					('Lesson 8', 	'Required', 		'2'		,4	,'2021-07-06 15:26:34', '2021-07-06 15:26:34',	1,				3			),
					('Lesson 9', 	'Required', 		'2'		,5	,'2021-07-06 15:26:34', '2021-07-06 15:26:34',	1,				3			),
					('Lesson 10', 	'Required', 		'2'		,6	,'2021-07-06 15:26:34', '2021-08-06 15:26:34',	1,				3			),
					('Lesson 11', 	'Required', 		'2'		,7	,'2021-07-06 15:26:34', '2021-08-06 15:26:34',	1,				3			),
					('Lesson 12', 	'Required', 		'2'		,8	,'2021-07-06 15:26:34', '2021-08-06 15:26:34',	1,				3			),
					('Lesson 1', 	'Required', 		'3'		,9	,'2021-07-06 15:26:34', '2021-08-06 15:26:34',	1,				3			),
					('Lesson 2', 	'Required', 		'3'		,10	,'2021-07-06 15:26:34', '2021-08-06 15:26:34',	1,				3			),
					('Lesson 3', 	'Required', 		'3'		,11	,'2021-07-06 15:26:34', '2021-08-06 15:26:34',	1,				3			),
					('Lesson 4', 	'Required', 		'3'		,12	,'2021-07-06 15:26:34', '2021-08-06 15:26:34',	1,				3			),
					('Lesson 1', 	'Required', 		'4'		,1	,'2021-07-06 15:26:34', '2021-08-06 15:26:34',	1,				3			),
					('Lesson 2', 	'Required', 		'4'		,2	,'2021-07-06 15:26:34', '2021-08-06 15:26:34',	1,				3			),
					('Lesson 3', 	'Required', 		'4'		,3	,'2021-07-06 15:26:34', '2021-08-06 15:26:34',	1,				3			),
					('Lesson 4', 	'Required', 		'4'		,4	,'2021-07-06 15:26:34', '2021-08-06 15:26:34',	1,				3			),
					('Lesson 5', 	'Required', 		'4'		,5	,'2021-07-06 15:26:34', '2021-08-06 15:26:34',	1,				3			),
					('Lesson 6', 	'Required', 		'4'		,6	,'2021-07-06 15:26:34', '2021-08-06 15:26:34',	1,				3			),
					('Lesson 7', 	'Required', 		'4'		,7	,'2021-07-06 15:26:34', '2021-08-06 15:26:34',	1,				3			),
					('Lesson 8', 	'Required', 		'4'		,8	,'2021-07-06 15:26:34', '2021-08-06 15:26:34',	1,				3			),
					('Lesson 9', 	'Required', 		'4'		,9	,'2021-07-06 15:26:34', '2021-08-06 15:26:34',	1,				3			),
					('Lesson 10', 	'Required', 		'4'		,10	,'2021-07-06 15:26:34', '2021-08-06 15:26:34',	1,				3			),
					('Lesson 11', 	'Required', 		'4'		,11	,'2021-07-06 15:26:34', '2021-08-06 15:26:34',	1,				3			),
					('Lesson 12', 	'Required', 		'4'		,12	,'2021-07-06 15:26:34', '2021-08-06 15:26:34',	1,				3			),
					('Lesson 1',	'Required', 		'5'		,1	,'2021-07-06 15:26:34', '2021-08-06 15:26:34',	1,				3			),
					('Lesson 2',	'Required', 		'5'		,2	,'2021-07-06 15:26:34', '2021-08-06 15:26:34',	1,				3			),
					('Lesson 3',	'Required', 		'5'		,3	,'2021-07-06 15:26:34', '2021-08-06 15:26:34',	1,				3			),
					('Lesson 4',	'Required', 		'5'		,4	,'2021-07-06 15:26:34', '2021-08-06 15:26:34',	1,				3			),
					('Lesson 5',	'Required', 		'5'		,5	,'2021-07-06 15:26:34', '2021-08-06 15:26:34',	1,				3			),
					('Lesson 6',	'Required', 		'5'		,6	,'2021-07-06 15:26:34', '2021-08-06 15:26:34',	1,				3			),
					('Lesson 7',	'Required', 		'5'		,7	,'2021-07-06 15:26:34', '2021-08-06 15:26:34',	1,				3			),
					('Lesson 8',	'Required', 		'5'		,8	,'2021-07-06 15:26:34', '2021-08-06 15:26:34',	1,				3			),
					('Lesson 9',	'Required', 		'5'		,9	,'2021-07-06 15:26:34', '2021-08-06 15:26:34',	1,				3			),
					('Lesson 10', 	'Required', 		'5'		,10	,'2021-07-06 15:26:34', '2021-08-06 15:26:34',	1,				3			),
					('Lesson 11', 	'Required', 		'5'		,11	,'2021-07-06 15:26:34', '2021-08-06 15:26:34',	1,				3			),
					('Lesson 12', 	'Required', 		'5'		,12	,'2021-07-06 15:26:34', '2021-08-06 15:26:34',	1,				3			);

INSERT INTO Lesson_Schedule (content, 																																				teaching_method,					duration,							lesson_id)
VALUES						('Giới thiệu về khóa học \"Enterprise for Developer\"',																									'Concept/Lecture', 					'0.25', 							'1'),
							('\"Giới thiệu về khóa học các Databases, SQL và MySQL  Cài đặt MySQL và tìm hiểu giao diện MySQL\"',													'Concept/Lecture', 					'0.5', 								'1'),
							('Các thuật ngữ database cơ bản (PrimaryKey, ForeignKey, Unique, Default, Not null)', 																	'Concept/Lecture', 					'0.5', 								'1'),
							('Nhập môn SQL (tạo database, tạo bảng, datatype)', 																									'Concept/Lecture', 					'0.5', 								'1'),
							('Daily Assignment', 																																	'Assignment/Lab', 					'1', 								'1'),
							('Hướng dẫn xem trước bài online hôm sau', 																												'Guides/Review', 					'0.25', 							'1'),
							('Review Assignment & Lý thuyết Day 1', 																												'Guides/Review', 					'0.5', 								'2'),
							('Các ràng buộc dữ liệu (PrimaryKey, ForeignKey, Unique, value null, relationship table: 1 nhiều, nhiều nhiều)', 										'Concept/Lecture', 					'1.25', 							'2'),
							('Best practices cho SQL', 																																'Concept/Lecture', 					'0.25', 							'2'),
							('Daily Assignment', 																																	'Assignment/Lab', 					'1.25', 							'2'),
							('Hướng dẫn xem trước bài online hôm sau', 																												'Guides/Review', 					'0.25', 							'2'),
							('Review Assignment & Lý thuyết Day 2', 																												'Guides/Review', 					'0.5', 								'3'),
							('Import database \'Employees\'', 																														'Concept/Lecture', 					'0.5', 								'3'),
							('Lệnh SELECT và các toán tử AND, OR, IN và Not IN, Like và Not Like, BETWEEN AND, IS NOT NULL và IS NULL, Order by, Group By, HAVING, Alias, LIMIT', 	'Concept/Lecture', 					'0.5', 								'3'),
							('\"INSERT và INSERT INTO UPDATE DELETE, TRUNCATE, DROP\"', 																							'Concept/Lecture', 					'0.5', 								'3'),
							('Daily Assignment', 																																	'Assignment/Lab', 					'0.75', 							'3'),
							('Hướng dẫn xem trước bài online hôm sau', 																												'Guides/Review', 					'0.25', 							'3'),
							('Review Assignment & Lý thuyết Day 3', 																												'Guides/Review', 					'0.5', 								'4'),
							('Các hàm tổng hợp', 																																	'Concept/Lecture', 					'0.5', 								'4'),
							('Các loại JOINs (Inner Join, Left Join, Right Join, Join và Where, Cross Join, Union và Union All', 													'Concept/Lecture', 					'1', 								'4'),
							('Daily Assignment', 																																	'Assignment/Lab', 					'0.75', 							'4'),
							('Hướng dẫn xem trước bài online hôm sau', 																												'Guides/Review', 					'0.25', 							'4'),
							('Review Assignment & Lý thuyết Day 4', 																												'Guides/Review', 					'0.5', 								'5'),
							('Subqueries', 																																			'Concept/Lecture', 					'0.5', 								'5'),
							('Self Join', 																																			'Concept/Lecture', 					'0.25',								'5'),
							('Daily Assignment', 																																	'Assignment/Lab', 					'1.5', 								'5'),
							('Hướng dẫn xem trước bài online hôm sau', 																												'Guides/Review', 					'0.25', 							'5'),
							('Review Assignment & Lý thuyết Day 5', 																												'Guides/Review', 					'0.5', 								'6'),
							('Views', 																																				'Concept/Lecture', 					'0.25', 							'6'),
							('Thủ tục và hàm', 																																		'Concept/Lecture', 					'0.75', 							'6'),
							('Daily Assignment', 																																	'Assignment/Lab', 					'1.25', 							'6'),
							('Hướng dẫn xem trước bài online hôm sau', 																												'Guides/Review', 					'0.25', 							'6'),
							('Review Assignment & Lý thuyết Day 6', 																												'Guides/Review', 					'0.5', 								'7'),
							('Sql nâng cao (datatype of variable, triggers, index, case', 																							'Concept/Lecture', 					'0.5', 								'7'),
							('DDL & DML & DCL & TCL', 																																'Concept/Lecture', 					'0.25', 							'7'),
							('Daily Assignment', 																																	'Assignment/Lab', 					'1.5', 								'7'),
							('Review và chuẩn bị cho topic exam', 																													'Guides/Review', 					'0.5', 								'7'),
							('Topic Exam: Lý thuyết', 																																'Exam', 							'0.75', 							'8'),
							('Topic Exam: Thực hành', 																																'Exam', 							'2', 								'8'),
							('Topic Exam: Interview', 																																'Exam', 							'0.25', 							'8'),
							('Giới thiệu về khóa học', 																																'Concept/Lecture', 					'0.25', 							'9'),
							(' Cài đặt phần mềm và chương trình Java đầu tiên', 																									'Concept/Lecture', 					'0.25', 							'9'),
							('Các kiểu dữ liệu', 																																	'Concept/Lecture', 					'0.25', 							'9'),
							('Array', 																																				'Concept/Lecture', 					'0.25', 							'9'),
							('Enum', 																																				'Concept/Lecture', 					'0.25', 							'9'),
							('Giới thiệu về Object', 																																'Concept/Lecture', 					'0.5', 								'9'),
							('Daily Assignment', 																																	'Assignment/Lab', 					'1', 								'9'),
							('Hướng dẫn xem trước bài online hôm sau', 																												'Guides/Review', 					'0.25', 							'9'),
							('Review Assignment & Lý thuyết Day 1', 																												'Guides/Review', 					'0.5', 								'10'),
							('Insert data', 																																		'Concept/Lecture', 					'0.25', 							'10'),
							('Các câu lệnh điều khiển luồng đi của chương trình', 																									'Concept/Lecture', 					'0.25', 							'10'),
							('Các toán tử', 																																		'Concept/Lecture', 					'0.25', 							'10'),
							('Enum ', 																																				'Concept/Lecture', 					'0.25', 							'10'),
							('Comment', 																																			'Concept/Lecture', 					'0.25', 							'10'),
							('Util functions (Format date, Print Format, Random Number, Scanner) ', 																				'Concept/Lecture', 					'0.25', 							'10'),
							('Method', 																																				'Concept/Lecture', 					'0.25', 							'10'),
							('Daily Assignment', 																																	'Assignment/Lab', 					'1', 								'10'),
							('Hướng dẫn xem trước bài online hôm sau', 																												'Guides/Review', 					'0.25', 							'10'),
							('Review Assignment & Lý thuyết Day 2', 																												'Guides/Review', 					'0.5', 								'11'),
							('Ép kiểu dữ liệu', 																																	'Concept/Lecture', 					'0.25', 							'11'),
							('Wrapper Classes với Auto boxing & unboxing', 																											'Concept/Lecture', 					'0.25', 							'11'),
							('Xử lý String', 																																		'Concept/Lecture', 					'0.25', 							'11'),
							('Các phương thức trong class Object', 																													'Concept/Lecture', 					'0.25', 							'11'),
							('Daily Assignment', 																																	'Assignment/Lab', 					'1', 								'11'),
							('Hướng dẫn xem trước bài online hôm sau', 																												'Guides/Review', 					'0.5', 								'11'),
							('Review Assignment & Lý thuyết Day 3', 																												'Guides/Review', 					'0.5', 								'12'),
							('Package',	 																																			'Concept/Lecture', 					'0.25', 							'12'),
							('Giới thiệu về Java và OOP', 																															'Concept/Lecture', 					'0.25', 							'12'),
							('Tính đóng gói', 																																		'Concept/Lecture', 					'0.25', 							'12'),
							('Tính kế thừa', 																																		'Concept/Lecture', 					'0.25', 							'12'),
							('Daily Assignment', 																																	'Assignment/Lab', 					'1', 								'12'),
							('Hướng dẫn xem trước bài online hôm sau', 																												'Guides/Review', 					'0.5', 								'12'),
							('Review Assignment & Lý thuyết Day 3', 																												'Guides/Review', 					'0.5', 								'13'),
							('Tính đa hình', 																																		'Concept/Lecture', 					'0.25', 							'13'),
							('Tính trìu tượng', 																																	'Concept/Lecture', 					'0.25', 							'13'),
							('Các phạm vi truy cập', 																																'Concept/Lecture', 					'0.25', 							'13'),
							('Usecase Quản lý sự kiện', 																															'Concept/Lecture', 					'0.25', 							'13'),
							('Daily Assignment', 																																	'Assignment/Lab', 					'1', 								'13'),
							('Hướng dẫn xem trước bài online hôm sau', 																												'Guides/Review', 					'0.5', 								'13'),
							('Review Assignment & Lý thuyết Day 5', 																												'Guides/Review', 					'0.5', 								'14'),
							('Debug', 																																				'Concept/Lecture', 					'0.5', 								'14'),
							('Xử lý ngoại lệ và Assertion', 																														'Concept/Lecture', 					'1', 								'14'),
							('Daily Assignment', 																																	'Assignment/Lab', 					'0.75', 							'14'),
							('Hướng dẫn xem trước bài online hôm sau', 																												'Guides/Review', 					'0.25', 							'14'),
							('Review Assignment & Lý thuyết Day 6', 																												'Guides/Review', 					'0.5', 								'15'),
							('Các thành phần static và luồng điều khiển', 																											'Concept/Lecture', 					'0.25', 							'15'),
							('Các thành phần Non-static và luồng điều khiển', 																										'Concept/Lecture', 					'0.25', 							'15'),
							('Final', 																																				'Concept/Lecture', 					'0.25', 							'15'),
							('IO Stream', 																																			'Concept/Lecture', 					'0.25', 							'15'),
							('Daily Assignment', 																																	'Assignment/Lab', 					'1', 								'15'),
							('Hướng dẫn xem trước bài online hôm sau', 																												'Guides/Review', 					'0.5', 								'15'),
							('Review Assignment & Lý thuyết Day 7', 																												'Guides/Review', 					'0.5', 								'16'),
							('Collection và Generic', 																																'Concept/Lecture', 					'0.75', 							'16'),
							('Comparing', 																																			'Concept/Lecture', 					'0.5', 								'16'),
							('Daily Assignment', 																																	'Assignment/Lab', 					'1', 								'16'),
							('Hướng dẫn xem trước bài online hôm sau',																												'Guides/Review', 					'0.25', 							'16'),
							('Review Assignment & Lý thuyết Day 8', 																												'Guides/Review', 					'0.5', 								'17'),
							('Internationalization', 																																'Concept/Lecture', 					'0.25', 							'17'),
							('Các Java Annotation', 																																'Concept/Lecture', 					'0.25', 							'17'),
							('Inner class', 																																		'Concept/Lecture', 					'0.25', 							'17'),
							('Kiến trúc JVM', 																																		'Concept/Lecture', 					'0.25', 							'17'),
							('Bộ dọn rác và các loại đối tượng', 																													'Concept/Lecture', 					'0.5', 								'17'),
							(' Các câu hỏi phỏng vấn', 																																'Concept/Lecture', 					'0.5', 								'17'),
							('Daily Assignment', 																																	'Assignment/Lab', 					'0.75', 							'17'),
							('Hướng dẫn xem trước bài online hôm sau', 																												'Guides/Review', 					'0.25', 							'17'),
							('Review Assignment & Lý thuyết Day 9', 																												'Guides/Review', 					'0.5', 								'18'),
							('Maven và Junit', 																																		'Concept/Lecture', 					'0.25', 							'18'),
							('Giới thiệu về JDBC & MySQL', 																															'Concept/Lecture', 					'0.25', 							'18'),
							('Thực hiện các toán tử cơ bản JDBC', 																													'Concept/Lecture', 					'0.25', 							'18'),
							('Gọi thủ tục', 																																		'Concept/Lecture', 					'0.25', 							'18'),
							('Transaction và Metadata', 																															'Concept/Lecture', 					'0.25', 							'18'),
							('Cấu hình Database', 																																	'Concept/Lecture', 					'0.25', 							'18'),
							('Daily Assignment', 																																	'Assignment/Lab', 					'0.75', 							'18'),
							('Hướng dẫn xem trước bài online hôm sau', 																												'Guides/Review', 					'0.25', 							'18'),
							('Review Assignment & Lý thuyết Day 10', 																												'Guides/Review', 					'0.5', 								'19'),
							('3-Layer architecture', 																																'Concept/Lecture', 					'1.25', 							'19'),
							('Daily Assignment', 																																	'Assignment/Lab', 					'0.5', 								'19'),
							('Review và chuẩn bị cho topic exam', 																													'Guides/Review', 					'0.5', 								'19'),
							('Topic Exam: Lý thuyết', 																																'Exam', 							'0.75', 							'20'),
							('Topic Exam: Thực hành', 																																'Exam', 							'2', 								'20'),
							('Topic Exam: Interview', 																																'Exam', 							'0.25', 							'20'),
							('Giới thiệu về khóa học', 																																'Concept/Lecture', 					'0.25', 							'21'),
							('Cài đặt phần mềm Atom', 																																'Concept/Lecture', 					'0.25', 							'21'),
							('Phát triển Web cơ bản', 																																'Concept/Lecture', 					'0.25', 							'21'),
							('Cái khái niệm HTML nâng cao', 																														'Concept/Lecture', 					'0.5', 								'21'),
							('Giới thiệu CSS', 																																		'Concept/Lecture', 					'0.5', 								'21'),
							('Daily Assignment', 																																	'Assignment/Lab', 					'1', 								'21'),
							('Hướng dẫn xem trước bài online hôm sau', 																												'Guides/Review', 					'0.25', 							'21'),
							('Review Assignment & Lý thuyết Day 1', 																												'Guides/Review', 					'0.5', 								'22'),
							('CSS nâng cao', 																																		'Concept/Lecture', 					'1.25', 							'22'),
							('Demo Gridview', 																																		'Concept/Lecture', 					'0', 								'22'),
							('Daily Assignment', 																																	'Assignment/Lab', 					'1', 								'22'),
							('Hướng dẫn xem trước bài online hôm sau', 																												'Guides/Review',					'0.25', 							'22'),
							('Review Assignment & Lý thuyết Day 2', 																												'Guides/Review', 					'0.5', 								'23'),
							('JavaScript', 																																			'Concept/Lecture', 					'0.75', 							'23'),
							('Giới thiệu jQuery', 																																	'Concept/Lecture', 					'0.5', 								'23'),
							('Demo CRUD Using Javascript', 																															'Concept/Lecture', 					'0', 								'23'),
							('Daily Assignment', 																																	'Assignment/Lab', 					'1', 								'23'),
							('Hướng dẫn xem trước bài online hôm sau', 																												'Guides/Review', 					'0.25',								'23'),
							('Review Assignment & Lý thuyết Day 3', 																												'Guides/Review', 					'0.25',								'24'),
							('Ajax', 																																				'Concept/Lecture', 					'0.5', 								'24'),
							('jQuery', 																																				'Concept/Lecture', 					'0.5', 								'24'),
							('Demo Call Mock API Using Ajax', 																														'Concept/Lecture', 					'0.5', 								'24'),
							('Debug', 																																				'Concept/Lecture', 					'0',								'24'),
							('Bootstrap cơ bản', 																																	'Concept/Lecture', 					'0',								'24'),
							('Demo Bootstrap', 																																		'Concept/Lecture', 					'0.5',								'24'),
							('Daily Assignment', 																																	'Assignment/Lab', 					'0.75', 							'24'),
							('Hướng dẫn xem trước bài online hôm sau', 																												'Guides/Review', 					'0.25', 							'24'),
							('Giới thiệu về khóa học', 																																'Concept/Lecture', 					'0.25', 							'25'),
							('Setup Tomcat & Environment', 																															'Guides/Review', 					'0.5', 								'25'),
							('JSP', 																																				'Concept/Lecture', 					'0.5', 								'25'),
							('Daily Assignment', 																																	'Assignment/Lab', 					'1.5', 								'25'),
							('Hướng dẫn xem trước bài online hôm sau', 																												'Guides/Review', 					'0.25', 							'25'),
							('Review Assignment & Lý thuyết Day 1', 																												'Guides/Review', 					'0.5', 								'26'),
							('JSP & Servlet Continuing', 																															'Concept/Lecture', 					'0.5', 								'26'),
							('JSP & Servlet Lifecycle', 																															'Concept/Lecture', 					'0.25',								'26'),
							('Daily Assignment', 																																	'Assignment/Lab', 					'1.5', 								'26'),
							('Hướng dẫn xem trước bài online hôm sau', 																												'Guides/Review',					'0.25', 							'26'),
							('Review Assignment & Lý thuyết Day 2', 																												'Guides/Review',					'0.5', 								'27'),
							('CRUD Demo', 																																			'Concept/Lecture', 					'0.25', 							'27'),
							('Cookie & Session', 																																	'Concept/Lecture', 					'0.25', 							'27'),
							('Filter', 																																				'Concept/Lecture', 					'0.25', 							'27'),
							('Login & Authorization Demo', 																															'Concept/Lecture', 					'0', 								'27'),
							('Daily Assignment', 																																	'Assignment/Lab', 					'1.5', 								'27'),
							('Hướng dẫn xem trước bài online hôm sau', 																												'Guides/Review', 					'0.25',								'27'),
							('Review Assignment & Lý thuyết Day 3', 																												'Guides/Review', 					'0.5', 								'28'),
							('First Program with Hibernate', 																														'Concept/Lecture', 					'0.25', 							'28'),
							('Hibernate Introduce', 																																'Concept/Lecture', 					'0.25', 							'28'),
							('Hibernate\'s components (SessionFactory, Session, Persistent object, Configuration)', 																'Concept/Lecture', 					'0.25', 							'28'),
							('Mapping Datatype, Table, Filter between Hibernate & Database', 																						'Concept/Lecture', 					'0.25', 							'28'),
							('Demo CRUD', 																																			'Concept/Lecture', 					'0', 								'28'),
							('Demo Config Entity', 																																	'Concept/Lecture', 					'0', 								'28'),
							('Daily Assignment', 																																	'Assignment/Lab', 					'1.5', 								'28'),
							('Hướng dẫn xem trước bài online hôm sau', 																												'Guides/Review', 					'0.25',								'28'),
							('Review Assignment & Lý thuyết Day 4', 																												'Guides/Review', 					'0.5', 								'29'),
							('Mapping table between Hibernate & Database', 																											'Concept/Lecture', 					'0.25', 							'29'),
							('Hibernate\'s components (Transaction, Query, Criteria)', 																								'Concept/Lecture', 					'0.25', 							'29'),
							('Sort, Paging technicals', 																															'Concept/Lecture', 					'0.25', 							'29'),
							('Demo Config Entity', 																																	'Concept/Lecture', 					'0', 								'29'),
							('Demo Generate Entity', 																																'Concept/Lecture', 					'0', 								'29'),
							('Daily Assignment', 																																	'Assignment/Lab', 					'1.5', 								'29'),
							('Hướng dẫn xem trước bài online hôm sau', 																												'Guides/Review', 					'0.25', 							'29'),
							('Review Assignment & Lý thuyết Day 6', 																												'Guides/Review', 					'0.5', 								'30'),
							('Setup Spring tool suite & Postman', 																													'Guides/Review', 					'0.25', 							'30'),
							('Hello World with Spring Boot', 																														'Guides/Review', 					'0.25', 							'30'),
							('API & Restful API', 																																	'Concept/Lecture', 					'0.25', 							'30'),
							('Web & Web service', 																																	'Concept/Lecture', 					'0.25', 							'30'),
							('3Layers with Springboot', 																															'Guides/Review', 					'0.25', 							'30'),
							('CRUD Demo', 																																			'Guides/Review', 					'0', 								'30'),
							('Daily Assignment', 																																	'Assignment/Lab', 					'1', 								'30'),
							('Hướng dẫn xem trước bài online hôm sau', 																												'Guides/Review', 					'0.25', 							'30'),
							('Review Assignment & Lý thuyết Day 7', 																												'Guides/Review', 					'0.5', 								'31'),
							('Spring core annotation', 																																'Concept/Lecture',					'0.25', 							'31'),
							('IoC & DI', 																																			'Concept/Lecture',					'0.25', 							'31'),
							('Spring web annotation', 																																'Concept/Lecture',					'0.25', 							'31'),
							('CRUD Paging Sorting Filter using Critera Hibernate Demo', 																							'Concept/Lecture',					'0', 								'31'),
							('Daily Assignment', 																																	'Assignment/Lab', 					'1.5',								'31'),
							('Hướng dẫn xem trước bài online hôm sau', 																												'Guides/Review', 					'0.25', 							'31'),
							('Review Assignment & Lý thuyết Day 8', 																												'Guides/Review', 					'0.5', 								'32'),
							('Spring boot annotation', 																																'Concept/Lecture', 					'0.25', 							'32'),
							('Spring boot architecture', 																															'Concept/Lecture', 					'0.25', 							'32'),
							('Spring data', 																																		'Guides/Review', 					'0.25', 							'32'),
							('Specification Demo', 																																	'Guides/Review', 					'0', 								'32'),
							('Daily Assignment', 																																	'Assignment/Lab', 					'1.5',								'32'),
							('Hướng dẫn xem trước bài online hôm sau', 																												'Guides/Review',					'0.25', 							'32'),
							('Review Assignment & Lý thuyết Day 5', 																												'Guides/Review', 					'0.5', 								'33'),
							('Regex', 																																				'Concept/Lecture', 					'0.25', 							'33'),
							('Bean Validation', 																																	'Concept/Lecture', 					'0.25', 							'33'),
							('Hibernate Validation', 																																'Concept/Lecture', 					'0.25', 							'33'),
							('Demo Validation', 																																	'Guides/Review', 					'0', 								'33'),
							('Validation Intergration & Internationalization Demo', 																								'Guides/Review', 					'0', 								'33'),
							('Daily Assignment', 																																	'Assignment/Lab', 					'1.5', 								'33'),
							('Hướng dẫn xem trước bài online hôm sau', 																												'Guides/Review', 					'0.25', 							'33'),
							('Review Assignment & Lý thuyết Day 9', 																												'Guides/Review', 					'0.5', 								'34'),
							('Exception Handling', 																																	'Concept/Lecture',					'0.75', 							'34'),
							('Daily Assignment', 																																	'Assignment/Lab', 					'1.5', 								'34'),
							('Hướng dẫn xem trước bài online hôm sau', 																												'Guides/Review', 					'0.25', 							'34'),
							('Review Assignment & Lý thuyết Day 10', 																												'Guides/Review', 					'0.5', 								'35'),
							('Basic Authentication', 																																'Concept/Lecture', 					'0.25', 							'35'),
							('JWT', 																																				'Concept/Lecture', 					'0.25', 							'35'),
							('OAuth2', 																																				'Concept/Lecture', 					'0.25', 							'35'),
							('Daily Assignment', 																																	'Assignment/Lab', 					'1.5', 								'35'),
							('Review và chuẩn bị cho topic exam', 																													'Guides/Review', 					'0.25', 							'35'),
							('Topic Exam: Demo Final Project', 																														'Exam', 							'1', 								'36'),
							('Topic Exam: Interview', 																																'Exam', 							'2', 								'36'),
                            
							('Setup Typescript', 																																	'Guides/Review', 					'0', 								'37'),
							('Giới thiệu về khóa học', 																																'Concept/Lecture', 					'0.25',								'37'),
							('HelloWorld Program', 																																	'Concept/Lecture', 					'0.25',								'37'),
							('Introduce Typescript', 																																'Concept/Lecture', 					'0.25',								'37'),
							('Datatype, Datatype Casting', 																															'Concept/Lecture', 					'0.25',								'37'),
							('Array, Map, Set', 																																	'Concept/Lecture', 					'0.25',								'37'),
							('OOP', 																																				'Concept/Lecture', 					'0.25',								'37'),
							('Operator, Flow Control ', 																															'Concept/Lecture', 					'0.25',								'37'),
							('var, let, const', 																																	'Concept/Lecture', 					'0.25',								'37'),
							('Module', 																																				'Concept/Lecture', 					'0.25',								'37'),
							('Daily Assignment', 																																	'Assignment/Lab',					'0.5', 								'37'),
							('Hướng dẫn xem trước bài online hôm sau', 																												'Guides/Review', 					'0.25', 							'37'),
							('Review Assignment & Lý thuyết Day 1',																													'Guides/Review', 					'0.5', 								'38'),
							('Destructuring, Template String, ... Operator', 																										'Concept/Lecture', 					'0.25', 							'38'),
							('Arrow Function', 																																		'Concept/Lecture', 					'0.25', 							'38'),
							('Asynchronous Programming (Callback, Promise, Async Await)', 																							'Concept/Lecture', 					'0.75', 							'38'),
							('Higher-Order Function', 																																'Concept/Lecture', 					'0', 								'38'),
							('Reduce Function', 																																	'Concept/Lecture', 					'0', 								'38'),
							('Currying Function', 																																	'Concept/Lecture', 					'0', 								'38'),
							('Daily Assignment', 																																	'Assignment/Lab', 					'1', 								'38'),
							('Hướng dẫn xem trước bài online hôm sau', 																												'Guides/Review', 					'0.25', 							'38'),
							('Review Assignment & Lý thuyết Day 2', 																												'Guides/Review', 					'0.5', 								'39'),
							('HelloWorld program', 																																	'Concept/Lecture', 					'0.25', 							'39'),
							('Introduce ReactJS', 																																	'Concept/Lecture', 					'0.25', 							'39'),
							('JSX', 																																				'Concept/Lecture', 					'0.25', 							'39'),
							('Classs Component & Functional Component', 																											'Concept/Lecture', 					'0.25', 							'39'),
							('State', 																																				'Concept/Lecture', 					'0.25', 							'39'),
							('Props', 																																				'Concept/Lecture', 					'0.25', 							'39'),
							('Composition & Inheritance', 																															'Concept/Lecture', 					'0.25', 							'39'),
							('Create app through npm command', 																														'Concept/Lecture', 					'0', 								'39'),
							('Daily Assignment', 																																	'Assignment/Lab', 					'0.5', 								'39'),
							('Hướng dẫn xem trước bài online hôm sau', 																												'Guides/Review', 					'0.25', 							'39'),
							('Review Assignment & Lý thuyết Day 3', 																												'Guides/Review', 					'0.5', 								'40'),
							('Fragment', 																																			'Concept/Lecture', 					'0.25', 							'40'),
							('Form', 																																				'Concept/Lecture', 					'0.25', 							'40'),
							('Formik', 																																				'Concept/Lecture', 					'0', 								'40'),
							('Event', 																																				'Concept/Lecture', 					'0.25', 							'40'),
							('List', 																																				'Concept/Lecture', 					'0.25', 							'40'),
							('Render Element', 																																		'Concept/Lecture', 					'0.25', 							'40'),
							('React DevTools', 																																		'Concept/Lecture', 					'0', 								'40'),
							('Daily Assignment',																																	'Assignment/Lab', 					'1', 								'40'),
							('Hướng dẫn xem trước bài online hôm sau', 																												'Guides/Review', 					'0.25', 							'40'),
							('Review Assignment & Lý thuyết Day 4', 																												'Guides/Review', 					'0.5',								'41'),
							('Share Data Between Components', 																														'Concept/Lecture', 					'0.5',								'41'),
							('Container & UI Component', 																															'Concept/Lecture', 					'0.25', 							'41'),
							('Router', 																																				'Concept/Lecture', 					'0.5', 								'41'),
							('PropTypes', 																																			'Concept/Lecture', 					'0', 								'41'),
							('Daily Assignment', 																																	'Assignment/Lab', 					'1', 								'41'),
							('Hướng dẫn xem trước bài online hôm sau', 																												'Guides/Review', 					'0.25',								'41'),
							('Review Assignment & Lý thuyết Day 5', 																												'Guides/Review', 					'0.5', 								'42'),
							('Lifecycle', 																																			'Concept/Lecture', 					'0.5', 								'42'),
							('Styling', 																																			'Concept/Lecture', 					'0.5', 								'42'),
							('Introduce UI Libraries', 																																'Concept/Lecture', 					'0.5', 								'42'),
							('Error Boundary', 																																		'Concept/Lecture', 					'0', 								'42'),
							('Daily Assignment', 																																	'Assignment/Lab', 					'0.75',								'42'),
							('Hướng dẫn xem trước bài online hôm sau', 																												'Guides/Review', 					'0.25',								'42'),
							('Review Assignment & Lý thuyết Day 6', 																												'Guides/Review', 					'0.5', 								'43'),
							('API - Axios', 																																		'Concept/Lecture', 					'0.25', 							'43'),
							('Higher-Order Components',																																'Concept/Lecture', 					'0.5', 								'43'),
							('Render Props', 																																		'Guides/Review', 					'0.25',								'43'),
							('Reuse Function', 																																		'Guides/Review', 					'0.25',								'43'),
							('Daily Assignment', 																																	'Assignment/Lab', 					'1',								'43'),
							('Hướng dẫn xem trước bài online hôm sau', 																												'Guides/Review', 					'0.25', 							'43'),
							('Review Assignment & Lý thuyết Day 7', 																												'Guides/Review', 					'0.5', 								'44'),
							('Hook', 																																				'Concept/Lecture',					'1', 								'44'),
							('Daily Assignment', 																																	'Assignment/Lab', 					'1.25', 							'44'),
							('Hướng dẫn xem trước bài online hôm sau', 																												'Guides/Review', 					'0.25', 							'44'),
							('Review Assignment & Lý thuyết Day 8', 																												'Guides/Review', 					'0.5', 								'45'),
							('Redux Core', 																																			'Concept/Lecture', 					'0.75',								'45'),
							('React Redux ', 																																		'Concept/Lecture', 					'0.5', 								'45'),
							('Daily Assignment', 																																	'Assignment/Lab', 					'1', 								'45'),
							('Hướng dẫn xem trước bài online hôm sau', 																												'Guides/Review', 					'0.25',								'45'),
							('Review Assignment & Lý thuyết Day 9', 																												'Guides/Review', 					'0.5', 								'46'),
							('Middlewares (React-thunk)', 																															'Concept/Lecture', 					'0.25',								'46'),
							('Redux DevTools', 																																		'Concept/Lecture', 					'0.25',								'46');
                                
INSERT INTO `Class`                                                                                                                                                                                                                                                                                                            
			(course_id,		`name`,			`code`,			`type`,			address,															facebook_link,							group_chat, 						start_date,					expected_end_date, 			end_date,		`status`,			created_date, 			`modified_date`,		editor_id,	creator_id, 	note)   
VALUES		('1', 			'Rocket 09', 	'Rocket-009', 	'Developer',	'Phòng Cloud, tầng 6, Tòa nhà AC, Ngõ 78 Duy Tân, Hà Nội', 			'https://www.facebook.com/', 			'https://www.facebook.com/',		'2020-11-25', 				'2021-03-23', 				NULL, 			'Not-started', 		'2021-07-10 15:33:58', 	'2021-07-10 15:33:58',	1,			2,				 NULL),
			('1', 			'Rocket 10', 	'Rocket-010', 	'Developer',	'Phòng Berlin, Tầng 7, 19 Lê Thanh Nghị', 							'https://www.facebook.com/', 			'https://www.facebook.com/',		'2020-10-27', 				'2021-02-22', 				NULL, 			'Not-started', 		'2021-07-10 15:33:05', 	'2021-07-10 15:33:05',	1,			2,				 NULL),
			('1', 			'Rocket 11', 	'Rocket-011', 	'Developer',	'Phòng Tokyo, Tầng 7, 19 Lê Thanh Nghị', 							'https://www.facebook.com/', 			'https://www.facebook.com/',		'2020-02-22', 				'2020-06-19', 				NULL, 			'Not-started', 		'2021-07-10 15:34:49', 	'2021-07-10 15:34:49',	1,			2,				 NULL),
			('1', 			'Rocket 12', 	'Rocket-012', 	'Developer',	'Phòng AI, tầng 6, Tòa AC, Ngõ 78 Duy Tân, Hà Nội', 				'https://www.facebook.com/', 			'https://www.facebook.com/', 		'2021-03-17', 				'2021-07-13', 				NULL, 			'Not-started', 		'2021-07-10 16:03:40', 	'2021-07-10 16:03:40',	1,			2,				 NULL);

INSERT INTO `Class_Schedule`(		`name` 		)   			
VALUES  					(		'Mo' 		),
							(		'Tu' 		),
							(		'We' 		),
							(		'Th' 		),
							(		'Fr' 		),
							(		'Sa(M)' 	),
							(		'Sa(A)' 	),
							(		'Sa(N)' 	),
							(		'Su(M)' 	),
							(		'Su(A)' 	),
							(		'Su(N)' 	);

INSERT INTO `User_Detail`
(`user_id`,	`school`,										`phone_number`,		`email`,							`date_of_birth`,		`facebook_link`,						`current_address`,		`home_town`,		`current_working_location`,`identify_number`,	`identify_date`,	`identify_place`,	`permanent_address`,`bank_name`,		`account_number`,	`bank_account_name`, `tax_number`,	`tax_address`,	`note`)
VALUES
(1,			'UNETI', 										'0868654294',		'tv.thiet98@gmail.com',			'1998-12-29', 			'https://www.facebook.com/',			'Nam Từ Liêm - Hà Nội',			'Hà Nội',				'ABC Academy',		16103100728,			'2012-07-07',		'Nam Định', 		'Hà Nội',			'VPBANK HA NOI',		'0', 			'Trần Văn Thiết',	'0' , 				'ABC',			NULL),
('2', 		'NEU', 											'0369556290',		'lethiphonglan.cntt58b@gmail.com', 	'2000-01-01',			'https://www.facebook.com/',			NULL,						NULL,					 NULL,				NULL, 				NULL, 				NULL,				NULL,				NULL,					NULL,			NULL, 				NULL,				NULL,			NULL),
('3', 		'THPT', 										'0354024705',		'dungxu130499@gmail.com', 			'2000-01-01',			'https://www.facebook.com/',			NULL,						NULL,					 NULL,				NULL, 				NULL, 				NULL,				NULL,				NULL,					NULL,			NULL, 				NULL,				NULL,			NULL),
('4', 		'ĐH Kinh Doanh Công Nghệ', 						'0916412143',		'jassonvn123@gmail.com', 			'2000-01-01',			'https://www.facebook.com/',			NULL,						NULL,					 NULL,				NULL, 				NULL, 				NULL,				NULL,				NULL,					NULL,			NULL, 				NULL,				NULL,			NULL),
('5',		null, 											'0942273195',		'ducluantran1999@gmail.com', 		'2000-01-01',			'https://www.facebook.com/',			NULL,						NULL,					 NULL,				NULL, 				NULL, 				NULL,				NULL,				NULL,					NULL,			NULL, 				NULL,				NULL,			NULL),
('6',		null, 											'0986651748',		'nguyenphuongngoc1123@gmail.com', 	'2000-01-01',			'https://www.facebook.com/',			NULL,						NULL,					 NULL,				NULL, 				NULL, 				NULL,				NULL,				NULL,					NULL,			NULL, 				NULL,				NULL,			NULL),
('7',		null, 											'0326620613',		'daotackid27111999@gmail.com', 		'2000-01-01',			'https://www.facebook.com/',			NULL,						NULL,					 NULL,				NULL, 				NULL, 				NULL,				NULL,				NULL,					NULL,			NULL, 				NULL,				NULL,			NULL),
('8', 		'Đại Học Kinh tế quốc dân', 					'0823029555',		'dotuananh23030@gmail.com', 		'2000-01-01',			'https://www.facebook.com/',			NULL,						NULL,					 NULL,				NULL, 				NULL, 				NULL,				NULL,				NULL,					NULL,			NULL, 				NULL,				NULL,			NULL),
('9', 		'Học viện Ngân hàng', 							'0912049106',		'quochung1110@gmail.com', 			'2000-01-01',			'https://www.facebook.com/',			NULL,						NULL,					 NULL,				NULL, 				NULL, 				NULL,				NULL,				NULL,					NULL,			NULL, 				NULL,				NULL,			NULL),
('10',		'Đại Học Kinh tế quốc dân', 					'0968531273',		'giangbee.jb@gmail.com',			'2000-01-01',			'https://www.facebook.com/',			NULL,						NULL,					 NULL,				NULL, 				NULL, 				NULL,				NULL,				NULL,					NULL,			NULL, 				NULL,				NULL,			NULL),
('11',		'Đại Học Kinh tế quốc dân', 					'0372854009',		'hoanganhnb82@gmail.com', 			'2000-01-01',			'https://www.facebook.com/',			NULL,						NULL,					 NULL,				NULL, 				NULL, 				NULL,				NULL,				NULL,					NULL,			NULL, 				NULL,				NULL,			NULL),
('12',		'ĐH Kinh tế Kỹ Thuật Công Nghiệp', 				'0981634014',		'cuongbn198@gmail.com', 			'2000-01-01',			'https://www.facebook.com/',			NULL,						NULL,					 NULL,				NULL, 				NULL, 				NULL,				NULL,				NULL,					NULL,			NULL, 				NULL,				NULL,			NULL),
('13',		'ĐH Kinh tế Kỹ Thuật Công Nghiệp', 				'0397776864',		'dungthuonglap99@gmail.com', 		'2000-01-01',			'https://www.facebook.com/',			NULL,						NULL,					 NULL,				NULL, 				NULL, 				NULL,				NULL,				NULL,					NULL,			NULL, 				NULL,				NULL,			NULL),
('14',		'Đại học Bách Khoa Hà Nội', 					'03774761168',		'ducanhkthd25@gmai.com', 			'2000-01-01',			'https://www.facebook.com/',			NULL,						NULL,					 NULL,				NULL, 				NULL, 				NULL,				NULL,				NULL,					NULL,			NULL, 				NULL,				NULL,			NULL),
('15',		'ĐH Kinh tế Kỹ Thuật Công Nghiệp', 				'0914680888',		'buidinhdat14@gmail.com', 			'2000-01-01',			'https://www.facebook.com/',			NULL,						NULL,					 NULL,				NULL, 				NULL, 				NULL,				NULL,				NULL,					NULL,			NULL, 				NULL,				NULL,			NULL),
('16',		'ĐH Kinh tế Kỹ Thuật Công Nghiệp', 				'0987580825',		'hoangvuit107@gmail.com', 			'2000-01-01',			'https://www.facebook.com/',			NULL,						NULL,					 NULL,				NULL, 				NULL, 				NULL,				NULL,				NULL,					NULL,			NULL, 				NULL,				NULL,			NULL),
('17',		'ĐH Kinh tế Kỹ Thuật Công Nghiệp', 				'0337974909',		'loanmai.bb99@gmail.com', 			'2000-01-01',			'https://www.facebook.com/',			NULL,						NULL,					 NULL,				NULL, 				NULL, 				NULL,				NULL,				NULL,					NULL,			NULL, 				NULL,				NULL,			NULL),
('18',		'Đại học Bách Khoa Hà Nội', 					'0974107836',		'lyminhquan.1100@gmail.com', 		'2000-01-01',			'https://www.facebook.com/',			NULL,						NULL,					 NULL,				NULL, 				NULL, 				NULL,				NULL,				NULL,					NULL,			NULL, 				NULL,				NULL,			NULL),
('19',		'Đại học Bách Khoa Hà Nội', 					'0986350753',		'nmh021101@gmail.com', 				'2000-01-01',			'https://www.facebook.com/',			NULL,						NULL,					 NULL,				NULL, 				NULL, 				NULL,				NULL,				NULL,					NULL,			NULL, 				NULL,				NULL,			NULL),
('20',		'Đại học Hà Nội', 								'0397608963',		'leducanh2606@gmail.com', 			'2000-01-01',			'https://www.facebook.com/',			NULL,						NULL,					 NULL,				NULL, 				NULL, 				NULL,				NULL,				NULL,					NULL,			NULL, 				NULL,				NULL,			NULL),
('21',		'Bưu Chính Viễn Thông', 						'0829128819',		'phuc.nguyen-the@outlook.com', 		'2000-01-01',			'https://www.facebook.com/',			NULL,						NULL,					 NULL,				NULL, 				NULL, 				NULL,				NULL,				NULL,					NULL,			NULL, 				NULL,				NULL,			NULL),
('22',		'Đại Học Kinh tế quốc dân', 					'0949950598',		'caoson2kk39@gmail.com', 			'2000-11-30',			'https://www.facebook.com/',			NULL, 						'Quận Hai Bà Trưng', 	 NULL,				NULL,				NULL, 				NULL, 				NULL,				NULL,					NULL,			NULL,				NULL, 				NULL,			NULL),
('23',		'Viện đại học Mở Hà Nội', 						'0355723939',		'vuthanhtrung666@gmail.com', 		'2000-01-01',			'https://www.facebook.com/',			NULL,						NULL,					 NULL,				NULL, 				NULL, 				NULL,				NULL,				NULL,					NULL,			NULL, 				NULL,				NULL,			NULL),
('24',		'Đại học Quốc Gia', 							'0866881710',		'lehaiha881710@gmail.com', 			'2000-01-01',			'https://www.facebook.com/',			NULL,						NULL,					 NULL,				NULL, 				NULL, 				NULL,				NULL,				NULL,					NULL,			NULL, 				NULL,				NULL,			NULL),
('25',		'Đại học Tài Nguyên Môi Trường', 				'0394633768',		'2xxaquaxx1@gmail.com', 			'2000-01-01',			'https://www.facebook.com/',			NULL,						NULL,					 NULL,				NULL, 				NULL, 				NULL,				NULL,				NULL,					NULL,			NULL, 				NULL,				NULL,			NULL),
('26',		'Đại học Bách Khoa Hà Nội',						'0346315906',		'chuctranbk@gmail.com', 			'2000-01-01',			'https://www.facebook.com/',			NULL,						NULL,					 NULL,				NULL, 				NULL, 				NULL,				NULL,				NULL,					NULL,			NULL, 				NULL,				NULL,			NULL),
('27',		'Học viện quản lý giáo dục', 					'0382814090',		'thanhdt.naem96@gmail.com', 		'2000-01-01',			'https://www.facebook.com/',			NULL,						NULL,					 NULL,				NULL, 				NULL, 				NULL,				NULL,				NULL,					NULL,			NULL, 				NULL,				NULL,			NULL),
('28',		'ĐH Công Nghiệp Hà Nội', 						'0964087981',		'nvb5899@gmail.com', 				'2000-01-01',			'https://www.facebook.com/',			NULL,						NULL,					 NULL,				NULL, 				NULL, 				NULL,				NULL,				NULL,					NULL,			NULL, 				NULL,				NULL,			NULL),
('29',		'Đại học giao thông vận tải', 					'0914633874',		'luongdoanthuy1930@gmail.com', 		'2000-01-01',			'https://www.facebook.com/',			NULL,						NULL,					 NULL,				NULL, 				NULL, 				NULL,				NULL,				NULL,					NULL,			NULL, 				NULL,				NULL,			NULL),
('30',		'Đại học Bách Khoa Hà Nội', 					'0362711117',		'tran16875@gmail.com', 				'2000-01-01',			'https://www.facebook.com/',			NULL,						NULL,					 NULL,				NULL, 				NULL, 				NULL,				NULL,				NULL,					NULL,			NULL, 				NULL,				NULL,			NULL),
('31',		'Đại Học Hoà Bình', 							'0398690616',		'tongminhnhat666@gmail.com', 		'2000-01-01',			'https://www.facebook.com/',			NULL,						NULL,					 NULL,				NULL, 				NULL, 				NULL,				NULL,				NULL,					NULL,			NULL, 				NULL,				NULL,			NULL),
('32',		'Học viện Kỹ Thuật Mật mã', 					'0397805946',		'levanlocc289@gmail.com', 			'2000-01-01',			'https://www.facebook.com/',			NULL,						NULL,					 NULL,				NULL, 				NULL, 				NULL,				NULL,				NULL,					NULL,			NULL, 				NULL,				NULL,			NULL),
('33',		'Mỏ - Địa chất', 								'0856006969',		'kiencool2001@gmail.com', 			'2000-01-01',			'https://www.facebook.com/',			NULL,						NULL,					 NULL,				NULL, 				NULL, 				NULL,				NULL,				NULL,					NULL,			NULL, 				NULL,				NULL,			NULL),
('34',		'Đại Học Kinh tế quốc dân', 					'0398900730',		'noobzvn@gmail.com', 				'2000-01-01',			'https://www.facebook.com/',			NULL,						NULL,					 NULL,				NULL, 				NULL, 				NULL,				NULL,				NULL,					NULL,			NULL, 				NULL,				NULL,			NULL),
('35',		'FPT Greenwich', 								'0386075855',		'hant16219@gmail.com', 				'2000-01-01',			'https://www.facebook.com/',			NULL,						NULL,					 NULL,				NULL, 				NULL, 				NULL,				NULL,				NULL,					NULL,			NULL, 				NULL,				NULL,			NULL),
('36',		'Đại học Bách Khoa Hà Nội', 					'0981351511',		'thanhtrung.bk97@gmail.com', 		'2000-01-01',			'https://www.facebook.com/',			NULL,						NULL,					 NULL,				NULL, 				NULL, 				NULL,				NULL,				NULL,					NULL,			NULL, 				NULL,				NULL,			NULL),
('37',		'Đại học Mỏ - Địa chất', 						'0376380977',		'nguyentungduong9911@gmail.com',	'2000-01-01',			'https://www.facebook.com/',			NULL,						NULL,					 NULL,				NULL, 				NULL, 				NULL,				NULL,				NULL,					NULL,			NULL, 				NULL,				NULL,			NULL),
('38',		'Đại học lao động xã hội', 						'0853249951',		'1119thaihungnguyen@gmail.com', 	'2000-01-01',			'https://www.facebook.com/',			NULL,						NULL,					 NULL,				NULL, 				NULL, 				NULL,				NULL,				NULL,					NULL,			NULL, 				NULL,				NULL,			NULL),
('39',		'Đại Học Kinh tế quốc dân', 					'0986761805',		'duyhieundh97@gmail.com', 			'2000-01-01',			'https://www.facebook.com/',			NULL,						NULL,					 NULL,				NULL, 				NULL, 				NULL,				NULL,				NULL,					NULL,			NULL, 				NULL,				NULL,			NULL),
('40',		'ĐH Greenwich Việt Nam', 						'0837688695',		'minhntgch190369@fpt.edu.vn', 		'2000-01-01',			'https://www.facebook.com/',			NULL,						NULL,					 NULL,				NULL, 				NULL, 				NULL,				NULL,				NULL,					NULL,			NULL, 				NULL,				NULL,			NULL),
('41',		'Học viện công nghệ bưu chính viễn thông', 		'0978511890',		'hoangbaotd17@gmail.com', 			'2000-01-01',			'https://www.facebook.com/',			NULL,						NULL,					 NULL,				NULL, 				NULL, 				NULL,				NULL,				NULL,					NULL,			NULL, 				NULL,				NULL,			NULL),
('42',		null, 											'0332782798',		'duy.nguyenngoc1@vti.com.vn', 		'1995-12-20',			'https://www.facebook.com/duynn2012', 	'Đống Đa - Hà Nội', 		'Hà Nội', 				'VTI Academy', 		'163333930', 		'2012-07-07', 		'Nam Định',			'Nam Định', 		'TP BANK HA NOI', 		'00161882001', 	'Nguyễn Ngọc Duy', 	'8380153491', 		'VTI', 			NULL),
('43',		null, 											'0336030933',		'daonq@viettel.com.vn', 			'1988-04-25',			'https://www.facebook.com/',			NULL,						NULL, 					NULL, 				'0', 				'2010-01-01', 		'Hà Nội', 			'Hà Nội', 			'TP BANK HA NOI', 		'0', 			'Nguyễn Quang Đạo', '0', 				'VTI', 			NULL),
('44',		null, 											'0372941461',		'tuandaouet@gmail.com', 			'1995-01-01',			'https://www.facebook.com/',			NULL, 						NULL, 					NULL, 				'101229154', 		'2011-08-03', 		'Quảng Ninh', 		'Hà Nội', 			'TP BANK HA NOI', 		'03709610501', 	'Đào Tuấn Anh', 	'0', 				'VTI', 			NULL);

INSERT INTO `Student`	
(id ,	`code`,		`status`)  			
VALUES
('8',	'VA000007', 'Not-started'),
('9',	'VA000008', 'Active'),
('10',	'VA000009', 'Active'),
('11',	'VA000010', 'Active'),
('12',	'VA000011', 'Active'),
('13',	'VA000012', 'Pending'),
('14',	'VA000013', 'Deferred'),
('15',	'VA000014', 'Drop-out'),
('16',	'VA000015', 'Not-started'),
('17',	'VA000016', 'Not-started'),
('18',	'VA000017', 'Not-started'),
('19',	'VA000018', 'Not-started'),
('20',	'VA000019', 'Not-started'),
('21',	'VA000020', 'Not-started'),
('22',	'VA000021', 'Not-started'),
('23',	'VA000022', 'Not-started'),
('24',	'VA000023', 'Not-started'),
('25',	'VA000024', 'Not-started'),
('26',	'VA000025', 'Not-started'),
('27',	'VA000026', 'Not-started'),
('28',	'VA000027', 'Not-started'),
('29',	'VA000028', 'Not-started'),
('30',	'VA000029', 'Not-started'),
('31',	'VA000030', 'Not-started'),
('32',	'VA000031', 'Not-started'),
('33',	'VA000032', 'Not-started'),
('34',	'VA000033', 'Not-started'),
('35',	'VA000034', 'Not-started'),
('36',	'VA000035', 'Finished');

INSERT INTO `Student_Course_Payment`	
(`student_id`,	`course_id`,	`payment_type_id`,	`payable_tuition`,		`created_date`,						`modified_date`		)  			
VALUES                                                                
('8',			'1', 				'1',			'15000000',				'2021-07-17 18:13:38', 				'2021-07-17 18:13:38'),
('9',			'1', 				'1',			'15000000',				'2021-07-17 18:14:08', 				'2021-07-17 18:14:08'),
('10', 			'1', 				'1',			'15000000',				'2021-07-17 18:14:38', 				'2021-07-17 18:14:38'),
('11', 			'1', 				'1',			'15000000',				'2021-07-17 18:15:15', 				'2021-07-17 18:15:15'),
('12', 			'1', 				'3',			'16800000',				'2021-07-17 18:16:37', 				'2021-07-17 18:16:37'),
('13', 			'1', 				'2',			'16000000',				'2021-07-17 18:17:06', 				'2021-07-17 18:17:06'),
('14', 			'1', 				'1',			'15000000',				'2021-07-17 18:17:34', 				'2021-07-17 18:17:34'),
('15', 			'1', 				'1',			'15000000',				'2021-07-17 18:18:05', 				'2021-07-17 18:18:05'),
('16', 			'1', 				'1',			'15000000',				'2021-07-17 18:18:37', 				'2021-07-17 18:18:37'),
('17', 			'1', 				'1',			'15000000',				'2021-07-17 18:19:06', 				'2021-07-17 18:19:06'),
('18', 			'1', 				'1',			'15000000',				'2021-07-17 18:19:38', 				'2021-07-17 18:19:38'),
('19', 			'1', 				'2',			'16000000',				'2021-07-17 18:20:08', 				'2021-07-17 18:20:08'),
('20', 			'1', 				'1',			'15000000',				'2021-07-17 18:20:39', 				'2021-07-17 18:20:39'),
('21', 			'1', 				'1',			'16000000',				'2021-07-17 18:21:15', 				'2021-07-17 18:21:15'),
('22', 			'1', 				'1',			'15000000',				'2021-07-17 18:22:11', 				'2021-07-17 18:22:11'),
('23', 			'1', 				'1',			'15000000',				'2021-07-17 18:22:35', 				'2021-07-17 18:22:35'),
('24', 			'1', 				'1',			'15000000',				'2021-07-17 18:23:26', 				'2021-07-17 18:23:26'),
('25', 			'1', 				'3',			'16800000',				'2021-07-17 18:24:11', 				'2021-07-17 18:24:11'),
('26', 			'1', 				'1',			'15000000',				'2021-07-17 18:26:15', 				'2021-07-17 18:26:15'),
('27', 			'1', 				'3',			'16800000',				'2021-07-17 18:26:57', 				'2021-07-17 18:26:57'),
('28', 			'1', 				'1',			'15000000',				'2021-07-17 18:27:44', 				'2021-07-17 18:27:44'),
('29', 			'1', 				'2',			'16000000',				'2021-07-17 18:28:25', 				'2021-07-17 18:28:25'),
('30', 			'1', 				'1',			'15000000',				'2021-07-17 18:29:06', 				'2021-07-17 18:29:06'),
('31', 			'1', 				'1',			'15000000',				'2021-07-17 18:29:44', 				'2021-07-17 18:29:44'),
('32', 			'1', 				'1',			'15000000',				'2021-07-17 18:30:21', 				'2021-07-17 18:30:21'),
('33', 			'1', 				'3',			'16800000',				'2021-07-17 18:31:17', 				'2021-07-17 18:31:17'),
('34', 			'1', 				'3',			'16800000',				'2021-07-17 18:31:57', 				'2021-07-17 18:31:57'),
('35', 			'1', 				'1',			'15000000',				'2021-07-17 18:32:41', 				'2021-07-17 18:32:41'),
('36', 			'1', 				'3',			'16800000',				'2021-07-17 18:33:19', 				'2021-07-17 18:33:19');

INSERT INTO `Student_Payment`
(student_id,	`course_id` ,	  `tuition`, 				created_date, 			modified_date	)                   
VALUES                      
('8', 			'1',			'500000',				'2021-07-17 18:13:38', '2021-07-17 18:13:38'),
('9', 			'1',			'500000',				'2021-07-17 18:14:08', '2021-07-17 18:14:08'),
('10', 			'1',			'500000',				'2021-07-17 18:14:38', '2021-07-17 18:14:38'),
('11', 			'1',			'500000',				'2021-07-17 18:15:15', '2021-07-17 18:15:15'),
('12', 			'1',			'500000',				'2021-07-17 18:16:37', '2021-07-17 18:16:37'),
('13', 			'1',			'500000',				'2021-07-17 18:17:06', '2021-07-17 18:17:06'),
('14', 			'1',			'500000',				'2021-07-17 18:17:34', '2021-07-17 18:17:34'),
('15', 			'1',			'500000',				'2021-07-17 18:18:05', '2021-07-17 18:18:05'),
('16', 			'1',			'500000',				'2021-07-17 18:18:37', '2021-07-17 18:18:37'),
('17', 			'1',			'500000',				'2021-07-17 18:19:06', '2021-07-17 18:19:06'),
('18', 			'1',			'500000',				'2021-07-17 18:19:38', '2021-07-17 18:19:38'),
('19', 			'1',			'500000',				'2021-07-17 18:20:08', '2021-07-17 18:20:08'),
('20', 			'1',			'500000',				'2021-07-17 18:20:39', '2021-07-17 18:20:39'),
('21', 			'1',			'500000',				'2021-07-17 18:21:15', '2021-07-17 18:21:15'),
('22', 			'1',			'500000',				'2021-07-17 18:22:11', '2021-07-17 18:22:11'),
('23', 			'1',			'500000',				'2021-07-17 18:22:35', '2021-07-17 18:22:35'),
('24', 			'1',			'500000',				'2021-07-17 18:23:26', '2021-07-17 18:23:26'),
('25', 			'1',			'500000',				'2021-07-17 18:24:11', '2021-07-17 18:24:11'),
('26', 			'1',			'500000',				'2021-07-17 18:26:15', '2021-07-17 18:26:15'),
('27', 			'1',			'500000',				'2021-07-17 18:26:57', '2021-07-17 18:26:57'),
('28', 			'1',			'500000',				'2021-07-17 18:27:44', '2021-07-17 18:27:44'),
('29', 			'1',			'500000',				'2021-07-17 18:28:25', '2021-07-17 18:28:25'),
('30', 			'1',			'500000',				'2021-07-17 18:29:06', '2021-07-17 18:29:06'),
('31', 			'1',			'500000',				'2021-07-17 18:29:44', '2021-07-17 18:29:44'),
('32', 			'1',			'500000',				'2021-07-17 18:30:21', '2021-07-17 18:30:21'),
('33', 			'1',			'500000',				'2021-07-17 18:31:17', '2021-07-17 18:31:17'),
('34', 			'1',			'500000',				'2021-07-17 18:31:57', '2021-07-17 18:31:57'),
('35', 			'1',			'500000',				'2021-07-17 18:32:41', '2021-07-17 18:32:41'),
('36', 			'1',			'500000',				'2021-07-17 18:33:19', '2021-07-17 18:33:19');

INSERT INTO `Class_Student`
(class_id,  student_id, 	joined_date,					end_date,		`status`,			note)                   
VALUES 
('3', 		'8', 		'2021-07-17 18:13:38', 			NULL, 			'1',			NULL),
('3', 		'9', 		'2021-07-17 18:14:08', 			'2021-07-17 18:16:37', 			'2',			NULL),
('3', 		'10', 		'2021-07-17 18:14:38', 			NULL, 			'3',			NULL),
('3', 		'11', 		'2021-07-17 18:15:15', 			NULL, 			'4',			NULL),
('3', 		'12', 		'2021-07-17 18:16:37', 			'2021-07-17 18:16:37', 			'5',			NULL),
('3', 		'13', 		'2021-07-17 18:17:06', 			NULL, 			'5',			NULL),
('3', 		'14', 		'2021-07-17 18:17:34', 			NULL, 			'0',			NULL),
('3', 		'15', 		'2021-07-17 18:18:05', 			'2021-07-17 18:16:37', 			'2',			NULL),
('3', 		'16', 		'2021-07-17 18:18:37', 			'2021-07-17 18:16:37', 			'2',			NULL),
('3', 		'17', 		'2021-07-17 18:19:06', 			'2021-07-17 18:16:37', 			'2',			NULL),
('3', 		'18', 		'2021-07-17 18:19:38', 			NULL, 			'0',			NULL),
('3', 		'19', 		'2021-07-17 18:20:08', 			NULL, 			'0',			NULL),
('3', 		'20', 		'2021-07-17 18:20:39', 			NULL, 			'0',			NULL),
('3', 		'21', 		'2021-07-17 18:21:15', 			NULL, 			'0',			NULL),
('3', 		'22', 		'2021-07-17 18:22:11', 			NULL, 			'0',			NULL),
('3', 		'23', 		'2021-07-17 18:22:35', 			'2021-07-17 18:16:37', 			'2',			NULL),
('4', 		'24', 		'2021-07-17 18:23:26', 			NULL, 			'0',			NULL),
('4', 		'25', 		'2021-07-17 18:24:11', 			NULL, 			'0',			NULL),
('4', 		'26', 		'2021-07-17 18:26:15', 			NULL, 			'0',			NULL),
('4', 		'27', 		'2021-07-17 18:26:57', 			NULL, 			'0',			NULL),
('4', 		'28', 		'2021-07-17 18:27:44', 			NULL, 			'0',			NULL),
('4', 		'29', 		'2021-07-17 18:28:25', 			NULL, 			'0',			NULL),
('4', 		'30', 		'2021-07-17 18:29:06', 			NULL, 			'0',			NULL),
('4', 		'31', 		'2021-07-17 18:29:44', 			NULL, 			'0',			NULL),
('4', 		'32', 		'2021-07-17 18:30:21', 			NULL, 			'0',			NULL),
('4', 		'33', 		'2021-07-17 18:31:17', 			NULL, 			'0',			NULL),
('4', 		'34', 		'2021-07-17 18:31:57', 			NULL, 			'0',			NULL),
('4', 		'35', 		'2021-07-17 18:32:41', 			NULL, 			'0',			NULL),
('4', 		'36', 		'2021-07-17 18:33:19', 			NULL, 			'0',			NULL);
                                                                         
INSERT INTO Mentor  ( id ,  `type`,		  	`status`)  			         
VALUES 				('37', 'Internal', 		'Active'),
					('38', 'Internal', 		'Active'),
					('39', 'Internal', 		'Active'),
					('40', 'Internal', 		'Inactive'),
					('41', 'Internal', 		'Inactive'),
					('42', 'Internal', 		'Active'),                  
					('43', 'External', 		'Active'),                   
					('44', 'External', 		'Active');                   
                                                                         
INSERT INTO Mentor_Subject 	(mentor_id	,subject_id )  			
VALUES 						('37',			'1'),
							('38',			'2'),
							('39',			'3'),
							('40',			'4'),
							('41',			'5'),
							('42',			'1'),
							('43',			'2'),
							('44',			'2');

INSERT INTO Mentor_Salary 	(mentor_id, 	hourly_salary,		from_date)  			
VALUES						(37,			200000,				'2021-07-17'),
							(38,			200000,				'2021-07-17'),
							(39,			200000,				'2021-07-17'),
							(40,			200000,				'2021-07-17'),
							(42,			200000,				'2021-07-17'),
							(41,			200000,				'2021-07-17'),
							(43,			170000,				'2021-07-17'),
							(44,			170000,				'2021-07-17');		
						
INSERT INTO Class_Mentor(class_id	,mentor_id	, subject_id, joined_date,	end_date,	`status`,			note)                   
VALUES 
						('3',		'37',		'1', 			'2023-05-17',		 NULL,		'Active',			NULL),
						('3',		'38',		'2', 			'2023-05-17',		 NULL,		'Active',			NULL),
						('3',		'39',		'3', 			'2023-05-17',		 NULL,		'Active',			NULL),
						('3',		'40',		'4', 			NULL,		 NULL,		'Not-Started',		NULL),
						('3',		'41',		'5', 			NULL,		 NULL,		'Not-Started',		NULL),
                        ('4',		'42',		'5', 			NULL,		 NULL,		'Not-Started',		NULL),
						('4',		'43',		'1', 			NULL,		 NULL,		'Not-Started',		NULL),
						('4',		'44',		'2', 			'2023-02-17',		 '2023-07-17',		'Finished',			NULL);
                        
INSERT INTO Tuition 	(standard_tuition_total,	actual_tuition_total)  			
VALUES    
						(200000000, 				130000000),                              	                                                     		
						(180000000, 				125000000),                              	                                                     		
						(150000000, 				90000000),                              	                                                     		
						(290000000, 				190000000),                      
						(111111111, 				90000000) ;  
